Lasco,Daniil,lascodaniil@gmail.com
Ignat,Eugeniu,ignateugeniu@gmail.com
Guzun,Didina,guzundidina@gmail.com
Oleg,Lukash,lukasholeg@gmail.com
Turcanu,Andrei,turcanuandrei@gmail.com
Silantiev,Eugeniu,silantieveugeniu@gmail.com
